"ID","Process ID","Process Name","Host Name","Kernel Name","Context","Stream","Block Size","Grid Size","Device","CC","device__attribute_architecture","device__attribute_async_engine_count","device__attribute_can_flush_remote_writes","device__attribute_can_map_host_memory","device__attribute_can_tex2d_gather","device__attribute_can_use_64_bit_stream_mem_ops_v1","device__attribute_can_use_host_pointer_for_registered_mem","device__attribute_can_use_stream_mem_ops_v1","device__attribute_can_use_stream_wait_value_nor_v1","device__attribute_chip","device__attribute_clock_rate","device__attribute_compute_capability_major","device__attribute_compute_capability_minor","device__attribute_compute_mode","device__attribute_compute_preemption_supported","device__attribute_concurrent_kernels","device__attribute_concurrent_managed_access","device__attribute_cooperative_launch","device__attribute_cooperative_multi_device_launch","device__attribute_device_index","device__attribute_direct_managed_mem_access_from_host","device__attribute_display_name","device__attribute_ecc_enabled","device__attribute_fb_bus_width","device__attribute_fbp_count","device__attribute_generic_compression_supported","device__attribute_global_l1_cache_supported","device__attribute_global_memory_bus_width","device__attribute_gpu_direct_rdma_with_cuda_vmm_supported","device__attribute_gpu_overlap","device__attribute_gpu_pci_device_id","device__attribute_gpu_pci_ext_device_id","device__attribute_gpu_pci_ext_downstream_link_rate","device__attribute_gpu_pci_ext_downstream_link_width","device__attribute_gpu_pci_ext_gen","device__attribute_gpu_pci_ext_gpu_gen","device__attribute_gpu_pci_ext_gpu_link_rate","device__attribute_gpu_pci_ext_gpu_link_width","device__attribute_gpu_pci_revision_id","device__attribute_gpu_pci_sub_system_id","device__attribute_handle_type_posix_file_descriptor_supported","device__attribute_handle_type_win32_handle_supported","device__attribute_handle_type_win32_kmt_handle_supported","device__attribute_host_native_atomic_supported","device__attribute_host_register_supported","device__attribute_implementation","device__attribute_integrated","device__attribute_kernel_exec_timeout","device__attribute_l2_cache_size","device__attribute_l2s_count","device__attribute_limits_max_cta_per_sm","device__attribute_local_l1_cache_supported","device__attribute_managed_memory","device__attribute_max_access_policy_window_size","device__attribute_max_block_dim_x","device__attribute_max_block_dim_y","device__attribute_max_block_dim_z","device__attribute_max_blocks_per_multiprocessor","device__attribute_max_gpu_frequency_khz","device__attribute_max_grid_dim_x","device__attribute_max_grid_dim_y","device__attribute_max_grid_dim_z","device__attribute_max_ipc_per_multiprocessor","device__attribute_max_ipc_per_scheduler","device__attribute_max_mem_frequency_khz","device__attribute_max_persisting_l2_cache_size","device__attribute_max_pitch","device__attribute_max_registers_per_block","device__attribute_max_registers_per_multiprocessor","device__attribute_max_registers_per_thread","device__attribute_max_shared_memory_per_block","device__attribute_max_shared_memory_per_block_optin","device__attribute_max_shared_memory_per_multiprocessor","device__attribute_max_threads_per_block","device__attribute_max_threads_per_multiprocessor","device__attribute_max_warps_per_multiprocessor","device__attribute_max_warps_per_scheduler","device__attribute_maximum_surface1d_layered_layers","device__attribute_maximum_surface1d_layered_width","device__attribute_maximum_surface1d_width","device__attribute_maximum_surface2d_height","device__attribute_maximum_surface2d_layered_height","device__attribute_maximum_surface2d_layered_layers","device__attribute_maximum_surface2d_layered_width","device__attribute_maximum_surface2d_width","device__attribute_maximum_surface3d_depth","device__attribute_maximum_surface3d_height","device__attribute_maximum_surface3d_width","device__attribute_maximum_surfacecubemap_layered_layers","device__attribute_maximum_surfacecubemap_layered_width","device__attribute_maximum_surfacecubemap_width","device__attribute_maximum_texture1d_layered_layers","device__attribute_maximum_texture1d_layered_width","device__attribute_maximum_texture1d_linear_width","device__attribute_maximum_texture1d_mipmapped_width","device__attribute_maximum_texture1d_width","device__attribute_maximum_texture2d_gather_height","device__attribute_maximum_texture2d_gather_width","device__attribute_maximum_texture2d_height","device__attribute_maximum_texture2d_layered_height","device__attribute_maximum_texture2d_layered_layers","device__attribute_maximum_texture2d_layered_width","device__attribute_maximum_texture2d_linear_height","device__attribute_maximum_texture2d_linear_pitch","device__attribute_maximum_texture2d_linear_width","device__attribute_maximum_texture2d_mipmapped_height","device__attribute_maximum_texture2d_mipmapped_width","device__attribute_maximum_texture2d_width","device__attribute_maximum_texture3d_depth","device__attribute_maximum_texture3d_depth_alternate","device__attribute_maximum_texture3d_height","device__attribute_maximum_texture3d_height_alternate","device__attribute_maximum_texture3d_width","device__attribute_maximum_texture3d_width_alternate","device__attribute_maximum_texturecubemap_layered_layers","device__attribute_maximum_texturecubemap_layered_width","device__attribute_maximum_texturecubemap_width","device__attribute_memory_clock_rate","device__attribute_memory_pools_supported","device__attribute_multi_gpu_board","device__attribute_multi_gpu_board_group_id","device__attribute_multiprocessor_count","device__attribute_num_l2s_per_fbp","device__attribute_num_schedulers_per_multiprocessor","device__attribute_num_tex_per_multiprocessor","device__attribute_pageable_memory_access","device__attribute_pageable_memory_access_uses_host_page_tables","device__attribute_pci_bus_id","device__attribute_pci_device_id","device__attribute_pci_domain_id","device__attribute_ram_location","device__attribute_ram_type","device__attribute_reserved_shared_memory_per_block","device__attribute_sass_level","device__attribute_single_to_double_precision_perf_ratio","device__attribute_sparse_cuda_array_supported","device__attribute_stream_priorities_supported","device__attribute_surface_alignment","device__attribute_tcc_driver","device__attribute_texture_alignment","device__attribute_texture_pitch_alignment","device__attribute_total_constant_memory","device__attribute_total_memory","device__attribute_unified_addressing","device__attribute_virtual_address_management_supported","device__attribute_warp_size","dram__cycles_active.avg.pct_of_peak_sustained_elapsed","dram__cycles_elapsed.avg.per_second","fbpa__dram_sectors.avg.pct_of_peak_sustained_elapsed","gpc__cycles_elapsed.avg.per_second","gpc__cycles_elapsed.max","gpu__compute_memory_throughput.avg.pct_of_peak_sustained_elapsed","gpu__dram_throughput.avg.pct_of_peak_sustained_elapsed","gpu__time_duration.sum","idc__request_cycles_active.avg.pct_of_peak_sustained_elapsed","l1tex__data_bank_reads.avg.pct_of_peak_sustained_elapsed","l1tex__data_bank_writes.avg.pct_of_peak_sustained_elapsed","l1tex__data_pipe_lsu_wavefronts.avg.pct_of_peak_sustained_elapsed","l1tex__data_pipe_tex_wavefronts.avg.pct_of_peak_sustained_elapsed","l1tex__f_wavefronts.avg.pct_of_peak_sustained_elapsed","l1tex__lsu_writeback_active.avg.pct_of_peak_sustained_elapsed","l1tex__lsuin_requests.avg.pct_of_peak_sustained_elapsed","l1tex__m_l1tex2xbar_req_cycles_active.avg.pct_of_peak_sustained_elapsed","l1tex__m_xbar2l1tex_read_sectors.avg.pct_of_peak_sustained_elapsed","l1tex__tex_writeback_active.avg.pct_of_peak_sustained_elapsed","l1tex__texin_sm2tex_req_cycles_active.avg.pct_of_peak_sustained_elapsed","l1tex__throughput.avg.pct_of_peak_sustained_active","launch__block_dim_x","launch__block_dim_y","launch__block_dim_z","launch__block_size","launch__context_id","launch__device_id","launch__func_cache_config","launch__function_pcs","launch__grid_dim_x","launch__grid_dim_y","launch__grid_dim_z","launch__grid_size","launch__occupancy_limit_blocks","launch__occupancy_limit_registers","launch__occupancy_limit_shared_mem","launch__occupancy_limit_warps","launch__occupancy_per_block_size","launch__occupancy_per_register_count","launch__occupancy_per_shared_mem_size","launch__registers_per_thread","launch__registers_per_thread_allocated","launch__shared_mem_config_size","launch__shared_mem_per_block","launch__shared_mem_per_block_allocated","launch__shared_mem_per_block_driver","launch__shared_mem_per_block_dynamic","launch__shared_mem_per_block_static","launch__stream_id","launch__thread_count","launch__uses_cdp","launch__waves_per_multiprocessor","lts__d_atomic_input_cycles_active.avg.pct_of_peak_sustained_elapsed","lts__d_sectors.avg.pct_of_peak_sustained_elapsed","lts__d_sectors_fill_device.avg.pct_of_peak_sustained_elapsed","lts__d_sectors_fill_sysmem.avg.pct_of_peak_sustained_elapsed","lts__lts2xbar_cycles_active.avg.pct_of_peak_sustained_elapsed","lts__t_sectors.avg.pct_of_peak_sustained_elapsed","lts__t_tag_requests.avg.pct_of_peak_sustained_elapsed","lts__throughput.avg.pct_of_peak_sustained_elapsed","lts__xbar2lts_cycles_active.avg.pct_of_peak_sustained_elapsed","numa__cpu_affinity","numa__dev_display_name_all","numa__id_cpu","numa__id_memory","nvlink__bandwidth","nvlink__count_logical","nvlink__count_physical","nvlink__destination_ports","nvlink__dev0Id","nvlink__dev0type","nvlink__dev1Id","nvlink__dev1type","nvlink__dev_display_name_all","nvlink__enabled_mask","nvlink__is_direct_link","nvlink__is_nvswitch_connected","nvlink__max_count","nvlink__peer_access","nvlink__peer_atomic","nvlink__source_ports","nvlink__system_access","nvlink__system_atomic","profiler__perfworks_session_reuse","profiler__replayer_bytes_mem_accessible.avg","profiler__replayer_bytes_mem_accessible.max","profiler__replayer_bytes_mem_accessible.min","profiler__replayer_bytes_mem_accessible.sum","profiler__replayer_bytes_mem_backed_up.avg","profiler__replayer_bytes_mem_backed_up.max","profiler__replayer_bytes_mem_backed_up.min","profiler__replayer_bytes_mem_backed_up.sum","profiler__replayer_passes","profiler__replayer_passes_type_warmup","sm__cycles_active.avg","sm__inst_executed.avg.pct_of_peak_sustained_elapsed","sm__inst_executed_pipe_adu.avg.pct_of_peak_sustained_elapsed","sm__inst_executed_pipe_cbu_pred_on_any.avg.pct_of_peak_sustained_elapsed","sm__inst_executed_pipe_fp16.avg.pct_of_peak_sustained_elapsed","sm__inst_executed_pipe_ipa.avg.pct_of_peak_sustained_elapsed","sm__inst_executed_pipe_lsu.avg.pct_of_peak_sustained_elapsed","sm__inst_executed_pipe_tex.avg.pct_of_peak_sustained_elapsed","sm__inst_executed_pipe_xu.avg.pct_of_peak_sustained_elapsed","sm__issue_active.avg.pct_of_peak_sustained_elapsed","sm__maximum_warps_avg_per_active_cycle","sm__maximum_warps_per_active_cycle_pct","sm__mio2rf_writeback_active.avg.pct_of_peak_sustained_elapsed","sm__mio_inst_issued.avg.pct_of_peak_sustained_elapsed","sm__mio_pq_read_cycles_active.avg.pct_of_peak_sustained_elapsed","sm__mio_pq_write_cycles_active.avg.pct_of_peak_sustained_elapsed","sm__pipe_alu_cycles_active.avg.pct_of_peak_sustained_elapsed","sm__pipe_fma_cycles_active.avg.pct_of_peak_sustained_elapsed","sm__pipe_fp64_cycles_active.avg.pct_of_peak_sustained_elapsed","sm__pipe_shared_cycles_active.avg.pct_of_peak_sustained_elapsed","sm__pipe_tensor_cycles_active.avg.pct_of_peak_sustained_elapsed","sm__throughput.avg.pct_of_peak_sustained_elapsed","sm__warps_active.avg.pct_of_peak_sustained_active","sm__warps_active.avg.per_cycle_active","smsp__maximum_warps_avg_per_active_cycle"
"","","","","","","","","","","","","","","","","","","","","","","","","","","","","","","","","","","","","","","","","","","","","","","","","","","","","","","","","","","","","","","","","","","","","","","","","","","","","","","","","","","","","","","","","","","","","","","","","","","","","","","","","","","","","","","","","","","","","","","","","","","","","","","","","","","","","","","","","","","","","","","","","","","","","","","","","","","","","","%","cycle/usecond","%","cycle/nsecond","cycle","%","%","msecond","%","%","%","%","%","%","%","%","%","%","%","%","%","block","block","block","","","","","","","","","","block","block","block","block","","","","register/thread","register/thread","Kbyte","Kbyte/block","Kbyte/block","byte/block","byte/block","Kbyte/block","","thread","","","%","%","%","%","%","%","%","%","%","","","","byte","","","","","","","","","","","","","","","","","","","","Mbyte","Mbyte","Mbyte","Gbyte","Mbyte","Mbyte","Mbyte","Gbyte","","","cycle","%","%","%","%","%","%","%","%","%","warp","%","%","%","%","%","%","%","%","%","%","%","%","warp","warp"
"0","23233","gemm_bench","127.0.0.1","generate_seed_pseudo(unsigned long long, unsigned long long, unsigned long long, curandOrdering, curandStateXORWOW *, unsigned int *)","1","7","(64, 1, 1)","(64, 1, 1)","0","7.0","320","7","0","1","1","0","1","0","0","320","1380000","7","0","0","1","1","1","1","1","0","0","Tesla V100-PCIE-32GB","1","4096","8","0","1","4096","1","1","498471134","7606","8000","16","2","2","8000","16","161","306843870","1","0","0","0","1","320","0","1","6291456","64","32","1","1","0","1024","1024","64","32","1380000","2147483647","65535","65535","4","1","877000","0","2147483647","65536","65536","255","49152","98304","98304","1024","2048","64","16","2048","32768","32768","65536","32768","2048","32768","131072","16384","16384","16384","2046","32768","32768","2048","32768","268435456","32768","131072","32768","32768","65536","32768","2048","32768","65000","2097120","131072","32768","32768","131072","16384","32768","16384","8192","16384","8192","2046","32768","32768","877000","1","0","0","80","8","4","1","0","0","132","0","0","1","15","0","7","2","1","1","512","0","512","32","65536","34089730048","1","1","32","0.052165","879.232811","0.039384","1.235989","1462729.000000","35.088932","0.052165","1.181248","0.000000","0.280399","0.235403","8.432034","0.000000","0.000205","2.472704","2.243658","26.444212","0.241635","0.000000","0.000205","52.888425","64.000000","1.000000","1.000000","64","1","0","CachePreferNone","139647970417152","64","1","1","64","32.000000","20.000000","32.000000","32.000000","2116","5792","300","48.000000","3072.000000","0.000000","0.000000","0.000000","0.000000","0.000000","0.000000","7","4096.000000","0","0.04","0.000000","4.438133","0.013596","0.000000","0.322455","17.731936","17.683909","35.088932","35.088932","","","","","0","0","0","no data","0","0","0","0","","0","0","0","12","0","0","no data","0","0","0","74.397077","74.397077","74.397077","1.413544","74.397077","74.397077","74.397077","1.413544","19","0","821502.712500","1.384637","0.000219","0.902683","0.000000","0.000000","2.243658","0.000000","0.000000","1.384892","40.000000","62.500000","0.599691","1.121884","5.023691","0.961832","0.879569","0.297056","0.000000","0.000000","0.000000","5.023691","2.996518","1.917771","10.000000"
"1","23233","gemm_bench","127.0.0.1","void gen_sequenced<curandStateXORWOW, float, int, &curand_uniform_noargs<curandStateXORWOW>>(T1 *, T2 *, unsigned long, unsigned long, T3)","1","7","(64, 1, 1)","(64, 1, 1)","0","7.0","320","7","0","1","1","0","1","0","0","320","1380000","7","0","0","1","1","1","1","1","0","0","Tesla V100-PCIE-32GB","1","4096","8","0","1","4096","1","1","498471134","7606","8000","16","2","2","8000","16","161","306843870","1","0","0","0","1","320","0","1","6291456","64","32","1","1","0","1024","1024","64","32","1380000","2147483647","65535","65535","4","1","877000","0","2147483647","65536","65536","255","49152","98304","98304","1024","2048","64","16","2048","32768","32768","65536","32768","2048","32768","131072","16384","16384","16384","2046","32768","32768","2048","32768","268435456","32768","131072","32768","32768","65536","32768","2048","32768","65000","2097120","131072","32768","32768","131072","16384","32768","16384","8192","16384","8192","2046","32768","32768","877000","1","0","0","80","8","4","1","0","0","132","0","0","1","15","0","7","2","1","1","512","0","512","32","65536","34089730048","1","1","32","51.625234","856.172840","39.127310","1.193621","62042.000000","51.625234","51.625234","0.051840","0.000000","2.096853","2.098154","4.328291","0.000000","0.004848","0.062053","4.173038","17.295225","0.124105","0.000000","0.004848","34.590451","64.000000","1.000000","1.000000","64","1","0","CachePreferNone","139647969995776","64","1","1","64","32.000000","32.000000","32.000000","32.000000","3670","5792","324","32.000000","2048.000000","0.000000","0.000000","0.000000","0.000000","0.000000","0.000000","7","4096.000000","0","0.03","0.000000","10.561083","0.164118","0.000000","0.240161","22.680544","5.793478","22.916809","22.916809","","","","","0","0","0","no data","0","0","0","0","","0","0","0","12","0","0","no data","0","0","0","48.018837","48.018837","48.018837","0.912358","48.018837","48.018837","48.018837","0.912358","19","0","47889.337500","15.031598","0.005171","1.060065","0.000000","0.000000","4.173038","0.000000","8.273681","15.033002","64.000000","100.000000","0.016806","2.087812","4.196308","4.165281","13.983814","11.389239","0.000000","0.000000","0.000000","15.033002","3.122678","1.998514","16.000000"
"2","23233","gemm_bench","127.0.0.1","void thrust::cuda_cub::core::_kernel_agent<thrust::cuda_cub::__parallel_for::ParallelForAgent<thrust::cuda_cub::__transform::unary_transform_f<thrust::device_ptr<float>, thrust::device_ptr<unsigned short>, thrust::cuda_cub::__transform::no_stencil_tag, thrust::identity<float>, thrust::cuda_cub::__transform::always_true_predicate>, long>, thrust::cuda_cub::__transform::unary_transform_f<thrust::device_ptr<float>, thrust::device_ptr<unsigned short>, thrust::cuda_cub::__transform::no_stencil_tag, thrust::identity<float>, thrust::cuda_cub::__transform::always_true_predicate>, long>(T2, T3)","1","7","(256, 1, 1)","(12800, 1, 1)","0","7.0","320","7","0","1","1","0","1","0","0","320","1380000","7","0","0","1","1","1","1","1","0","0","Tesla V100-PCIE-32GB","1","4096","8","0","1","4096","1","1","498471134","7606","8000","16","2","2","8000","16","161","306843870","1","0","0","0","1","320","0","1","6291456","64","32","1","1","0","1024","1024","64","32","1380000","2147483647","65535","65535","4","1","877000","0","2147483647","65536","65536","255","49152","98304","98304","1024","2048","64","16","2048","32768","32768","65536","32768","2048","32768","131072","16384","16384","16384","2046","32768","32768","2048","32768","268435456","32768","131072","32768","32768","65536","32768","2048","32768","65000","2097120","131072","32768","32768","131072","16384","32768","16384","8192","16384","8192","2046","32768","32768","877000","1","0","0","80","8","4","1","0","0","132","0","0","1","15","0","7","2","1","1","512","0","512","32","65536","34089730048","1","1","32","78.250068","822.368421","59.326276","1.146137","64270.000000","78.250068","78.250068","0.055936","0.000000","3.992707","2.994530","13.926749","0.000000","0.004679","5.989061","11.978121","11.981241","15.970828","0.000000","0.004679","23.962481","256.000000","1.000000","1.000000","256","1","0","CachePreferNone","139648057340672","12800","1","1","12800","32.000000","16.000000","32.000000","8.000000","3670","5504","1040","16.000000","4096.000000","0.000000","0.000000","0.000000","0.000000","0.000000","0.000000","7","3276800.000000","0","20","0.000000","15.327806","21.096879","0.000000","21.170274","31.648061","10.549328","31.648061","15.879489","","","","","0","0","0","no data","0","0","0","0","","0","0","0","12","0","0","no data","0","0","0","48.018837","48.018837","48.018837","0.912358","48.018837","48.018837","48.018837","0.912358","19","0","62234.812500","14.972652","3.992707","3.992707","0.000000","0.000000","11.978121","0.000000","7.985414","14.991538","64.000000","100.000000","3.992707","6.987237","3.992707","3.992707","11.978121","6.987237","0.000000","0.000000","0.000000","14.991538","88.940583","56.921973","16.000000"
"3","23233","gemm_bench","127.0.0.1","void gen_sequenced<curandStateXORWOW, float, int, &curand_uniform_noargs<curandStateXORWOW>>(T1 *, T2 *, unsigned long, unsigned long, T3)","1","7","(64, 1, 1)","(64, 1, 1)","0","7.0","320","7","0","1","1","0","1","0","0","320","1380000","7","0","0","1","1","1","1","1","0","0","Tesla V100-PCIE-32GB","1","4096","8","0","1","4096","1","1","498471134","7606","8000","16","2","2","8000","16","161","306843870","1","0","0","0","1","320","0","1","6291456","64","32","1","1","0","1024","1024","64","32","1380000","2147483647","65535","65535","4","1","877000","0","2147483647","65536","65536","255","49152","98304","98304","1024","2048","64","16","2048","32768","32768","65536","32768","2048","32768","131072","16384","16384","16384","2046","32768","32768","2048","32768","268435456","32768","131072","32768","32768","65536","32768","2048","32768","65000","2097120","131072","32768","32768","131072","16384","32768","16384","8192","16384","8192","2046","32768","32768","877000","1","0","0","80","8","4","1","0","0","132","0","0","1","15","0","7","2","1","1","512","0","512","32","65536","34089730048","1","1","32","3.767157","751.768868","2.873542","1.045843","7105.000000","18.846984","3.767157","0.006784","0.000000","1.150077","1.161276","3.472783","0.000000","0.042282","0.541213","2.119750","13.738914","1.082426","0.000000","0.042282","27.477828","64.000000","1.000000","1.000000","64","1","0","CachePreferNone","139647969995776","64","1","1","64","32.000000","32.000000","32.000000","32.000000","3670","5792","324","32.000000","2048.000000","0.000000","0.000000","0.000000","0.000000","0.000000","0.000000","7","4096.000000","0","0.03","0.000000","4.553708","1.436771","0.000000","2.103509","16.777595","5.273145","18.846984","18.846984","","","","","0","0","0","no data","0","0","0","0","","0","0","0","12","0","0","no data","0","0","0","23.770517","23.770517","23.770517","0.451640","23.770517","23.770517","23.770517","0.451640","19","0","4111.537500","6.849725","0.045101","0.676516","0.000000","0.000000","2.119750","0.000000","3.608086","6.861001","64.000000","100.000000","0.146578","1.071150","2.322705","2.052099","6.280324","5.073871","0.000000","0.000000","0.000000","6.861001","3.097096","1.982142","16.000000"
"4","23233","gemm_bench","127.0.0.1","void thrust::cuda_cub::core::_kernel_agent<thrust::cuda_cub::__parallel_for::ParallelForAgent<thrust::cuda_cub::__transform::unary_transform_f<thrust::device_ptr<float>, thrust::device_ptr<unsigned short>, thrust::cuda_cub::__transform::no_stencil_tag, thrust::identity<float>, thrust::cuda_cub::__transform::always_true_predicate>, long>, thrust::cuda_cub::__transform::unary_transform_f<thrust::device_ptr<float>, thrust::device_ptr<unsigned short>, thrust::cuda_cub::__transform::no_stencil_tag, thrust::identity<float>, thrust::cuda_cub::__transform::always_true_predicate>, long>(T2, T3)","1","7","(256, 1, 1)","(640, 1, 1)","0","7.0","320","7","0","1","1","0","1","0","0","320","1380000","7","0","0","1","1","1","1","1","0","0","Tesla V100-PCIE-32GB","1","4096","8","0","1","4096","1","1","498471134","7606","8000","16","2","2","8000","16","161","306843870","1","0","0","0","1","320","0","1","6291456","64","32","1","1","0","1024","1024","64","32","1380000","2147483647","65535","65535","4","1","877000","0","2147483647","65536","65536","255","49152","98304","98304","1024","2048","64","16","2048","32768","32768","65536","32768","2048","32768","131072","16384","16384","16384","2046","32768","32768","2048","32768","268435456","32768","131072","32768","32768","65536","32768","2048","32768","65000","2097120","131072","32768","32768","131072","16384","32768","16384","8192","16384","8192","2046","32768","32768","877000","1","0","0","80","8","4","1","0","0","132","0","0","1","15","0","7","2","1","1","512","0","512","32","65536","34089730048","1","1","32","32.131652","830.000000","24.443861","1.156910","5566.000000","32.131652","32.131652","0.004800","0.000000","2.304635","1.728476","8.019634","0.000000","0.054015","3.456952","6.913905","6.949915","9.218540","0.000000","0.054015","15.458237","256.000000","1.000000","1.000000","256","1","0","CachePreferNone","139648057340672","640","1","1","640","32.000000","16.000000","32.000000","8.000000","3670","5504","1040","16.000000","4096.000000","0.000000","0.000000","0.000000","0.000000","0.000000","0.000000","7","163840.000000","0","1","0.000000","7.646762","12.221930","0.000000","13.036149","18.364522","6.121109","18.364522","9.967837","","","","","0","0","0","no data","0","0","0","0","","0","0","0","12","0","0","no data","0","0","0","23.770517","23.770517","23.770517","0.451640","23.770517","23.770517","23.770517","0.451640","19","0","3312.150000","8.642381","2.304635","2.304635","0.000000","0.000000","6.913905","0.000000","4.609270","8.860860","64.000000","100.000000","2.304635","4.033111","2.304635","2.304635","6.913905","4.033111","0.000000","0.000000","0.000000","8.860860","67.748113","43.358793","16.000000"
"5","23233","gemm_bench","127.0.0.1","void thrust::cuda_cub::core::_kernel_agent<thrust::cuda_cub::__parallel_for::ParallelForAgent<thrust::cuda_cub::__fill::functor<thrust::device_ptr<unsigned short>, float>, long>, thrust::cuda_cub::__fill::functor<thrust::device_ptr<unsigned short>, float>, long>(T2, T3)","1","7","(256, 1, 1)","(640, 1, 1)","0","7.0","320","7","0","1","1","0","1","0","0","320","1380000","7","0","0","1","1","1","1","1","0","0","Tesla V100-PCIE-32GB","1","4096","8","0","1","4096","1","1","498471134","7606","8000","16","2","2","8000","16","161","306843870","1","0","0","0","1","320","0","1","6291456","64","32","1","1","0","1024","1024","64","32","1380000","2147483647","65535","65535","4","1","877000","0","2147483647","65536","65536","255","49152","98304","98304","1024","2048","64","16","2048","32768","32768","65536","32768","2048","32768","131072","16384","16384","16384","2046","32768","32768","2048","32768","268435456","32768","131072","32768","32768","65536","32768","2048","32768","65000","2097120","131072","32768","32768","131072","16384","32768","16384","8192","16384","8192","2046","32768","32768","877000","1","0","0","80","8","4","1","0","0","132","0","0","1","15","0","7","2","1","1","512","0","512","32","65536","34089730048","1","1","32","0.005744","765.765766","0.004365","1.069632","3807.000000","9.925803","0.005744","0.003552","0.000000","1.684410","0.842205","7.965417","0.000000","0.078957","1.684410","6.737640","6.790278","0.000000","0.000000","0.078957","21.885960","256.000000","1.000000","1.000000","256","1","0","CachePreferNone","139648057335040","640","1","1","640","32.000000","16.000000","32.000000","8.000000","3670","5504","1040","16.000000","4096.000000","0.000000","0.000000","0.000000","0.000000","0.000000","0.000000","7","163840.000000","0","1","0.000000","2.247621","0.002182","0.000000","0.900402","8.987430","4.484986","9.925803","9.925803","","","","","0","0","0","no data","0","0","0","0","","0","0","0","12","0","0","no data","0","0","0","23.115157","23.115157","23.115157","0.439188","23.115157","23.115157","23.115157","0.439188","19","0","1382.850000","9.685357","3.368820","3.368820","0.000000","0.000000","6.737640","0.000000","3.368820","10.011712","64.000000","100.000000","1.684410","4.211025","3.368820","3.368820","9.264255","3.368820","0.000000","0.000000","0.000000","10.011712","32.779591","20.978938","16.000000"
"6","23233","gemm_bench","127.0.0.1","volta_h884gemm_256x64_ldg8_nn","1","7","(128, 1, 1)","(10, 2, 1)","0","7.0","320","7","0","1","1","0","1","0","0","320","1380000","7","0","0","1","1","1","1","1","0","0","Tesla V100-PCIE-32GB","1","4096","8","0","1","4096","1","1","498471134","7606","8000","16","2","2","8000","16","161","306843870","1","0","0","0","1","320","0","1","6291456","64","32","1","1","0","1024","1024","64","32","1380000","2147483647","65535","65535","4","1","877000","0","2147483647","65536","65536","255","49152","98304","98304","1024","2048","64","16","2048","32768","32768","65536","32768","2048","32768","131072","16384","16384","16384","2046","32768","32768","2048","32768","268435456","32768","131072","32768","32768","65536","32768","2048","32768","65000","2097120","131072","32768","32768","131072","16384","32768","16384","8192","16384","8192","2046","32768","32768","877000","1","0","0","80","8","4","1","0","0","132","0","0","1","15","0","7","2","1","1","512","0","512","32","65536","34089730048","1","1","32","14.773914","828.973003","11.167579","1.163328","133941.000000","14.773914","14.773914","0.114976","0.004654","4.168499","2.479345","13.301407","0.000000","0.002243","10.552859","3.433629","3.111423","9.760388","0.000000","0.017755","54.147494","128.000000","1.000000","1.000000","128","1","0","CachePreferNone","139648070849792","10","2","1","20","32.000000","3.000000","2.000000","16.000000","200","2056","1416","154.000000","20480.000000","98.304000","41.216000","41.216000","0.000000","0.000000","41.216000","7","2560.000000","0","0.12","0.000000","4.695530","5.583319","0.000000","12.962575","13.198268","3.934200","13.198268","4.148752","","","","","0","0","0","no data","0","0","0","0","","0","0","0","12","0","0","no data","0","0","0","23.115157","23.115157","23.115157","0.439188","23.115157","23.115157","23.115157","0.439188","19","0","32859.600000","5.164835","0.013456","0.071768","0.048219","0.000000","3.497173","0.001495","0.000000","5.166087","8.000000","12.500000","5.093628","1.751951","2.571671","2.571671","0.799162","0.002243","0.000000","15.358631","15.310412","15.358631","6.249521","3.999693","2.000000"
"7","23233","gemm_bench","127.0.0.1","volta_h884gemm_256x64_ldg8_nn","1","7","(128, 1, 1)","(10, 2, 1)","0","7.0","320","7","0","1","1","0","1","0","0","320","1380000","7","0","0","1","1","1","1","1","0","0","Tesla V100-PCIE-32GB","1","4096","8","0","1","4096","1","1","498471134","7606","8000","16","2","2","8000","16","161","306843870","1","0","0","0","1","320","0","1","6291456","64","32","1","1","0","1024","1024","64","32","1380000","2147483647","65535","65535","4","1","877000","0","2147483647","65536","65536","255","49152","98304","98304","1024","2048","64","16","2048","32768","32768","65536","32768","2048","32768","131072","16384","16384","16384","2046","32768","32768","2048","32768","268435456","32768","131072","32768","32768","65536","32768","2048","32768","65000","2097120","131072","32768","32768","131072","16384","32768","16384","8192","16384","8192","2046","32768","32768","877000","1","0","0","80","8","4","1","0","0","132","0","0","1","15","0","7","2","1","1","512","0","512","32","65536","34089730048","1","1","32","14.748892","830.133556","11.150226","1.164464","134097.000000","14.748892","14.748892","0.115008","0.004648","4.163311","2.476259","13.284993","0.000000","0.002240","10.540249","3.429356","3.107551","9.748241","0.000000","0.017733","54.328798","128.000000","1.000000","1.000000","128","1","0","CachePreferNone","139648070849792","10","2","1","20","32.000000","3.000000","2.000000","16.000000","200","2056","1416","154.000000","20480.000000","98.304000","41.216000","41.216000","0.000000","0.000000","41.216000","7","2560.000000","0","0.12","0.000000","4.688292","5.574742","0.000000","12.942662","13.177993","3.928131","13.177993","4.143393","","","","","0","0","0","no data","0","0","0","0","","0","0","0","12","0","0","no data","0","0","0","23.115157","23.115157","23.115157","0.439188","23.115157","23.115157","23.115157","0.439188","19","0","32750.287500","5.158407","0.013440","0.071678","0.048159","0.000000","3.492821","0.001493","0.000000","5.159875","8.000000","12.500000","5.087289","1.749770","2.568470","2.568470","0.798167","0.002240","0.000000","15.339518","15.291359","15.339518","6.249340","3.999578","2.000000"
"8","23233","gemm_bench","127.0.0.1","volta_h884gemm_256x64_ldg8_nn","1","7","(128, 1, 1)","(10, 2, 1)","0","7.0","320","7","0","1","1","0","1","0","0","320","1380000","7","0","0","1","1","1","1","1","0","0","Tesla V100-PCIE-32GB","1","4096","8","0","1","4096","1","1","498471134","7606","8000","16","2","2","8000","16","161","306843870","1","0","0","0","1","320","0","1","6291456","64","32","1","1","0","1024","1024","64","32","1380000","2147483647","65535","65535","4","1","877000","0","2147483647","65536","65536","255","49152","98304","98304","1024","2048","64","16","2048","32768","32768","65536","32768","2048","32768","131072","16384","16384","16384","2046","32768","32768","2048","32768","268435456","32768","131072","32768","32768","65536","32768","2048","32768","65000","2097120","131072","32768","32768","131072","16384","32768","16384","8192","16384","8192","2046","32768","32768","877000","1","0","0","80","8","4","1","0","0","132","0","0","1","15","0","7","2","1","1","512","0","512","32","65536","34089730048","1","1","32","14.808454","825.416667","11.193658","1.158171","133679.000000","14.808454","14.808454","0.115200","0.004796","4.178857","2.485505","13.335169","0.000000","0.002248","10.579801","3.442161","3.119154","9.784640","0.000000","0.017799","54.220637","128.000000","1.000000","1.000000","128","1","0","CachePreferNone","139648070849792","10","2","1","20","32.000000","3.000000","2.000000","16.000000","200","2056","1416","154.000000","20480.000000","98.304000","41.216000","41.216000","0.000000","0.000000","41.216000","7","2560.000000","0","0.12","0.000000","4.706554","5.596457","0.000000","12.993077","13.229324","3.943432","13.229324","4.159607","","","","","0","0","0","no data","0","0","0","0","","0","0","0","12","0","0","no data","0","0","0","23.115157","23.115157","23.115157","0.439188","23.115157","23.115157","23.115157","0.439188","19","0","32817.025000","5.177668","0.013715","0.071946","0.048339","0.000000","3.505863","0.001499","0.000000","5.179453","8.000000","12.500000","5.106284","1.756360","2.578061","2.578061","0.801147","0.002248","0.000000","15.396794","15.348455","15.396794","6.249510","3.999686","2.000000"
"9","23233","gemm_bench","127.0.0.1","volta_h884gemm_256x64_ldg8_nn","1","7","(128, 1, 1)","(10, 2, 1)","0","7.0","320","7","0","1","1","0","1","0","0","320","1380000","7","0","0","1","1","1","1","1","0","0","Tesla V100-PCIE-32GB","1","4096","8","0","1","4096","1","1","498471134","7606","8000","16","2","2","8000","16","161","306843870","1","0","0","0","1","320","0","1","6291456","64","32","1","1","0","1024","1024","64","32","1380000","2147483647","65535","65535","4","1","877000","0","2147483647","65536","65536","255","49152","98304","98304","1024","2048","64","16","2048","32768","32768","65536","32768","2048","32768","131072","16384","16384","16384","2046","32768","32768","2048","32768","268435456","32768","131072","32768","32768","65536","32768","2048","32768","65000","2097120","131072","32768","32768","131072","16384","32768","16384","8192","16384","8192","2046","32768","32768","877000","1","0","0","80","8","4","1","0","0","132","0","0","1","15","0","7","2","1","1","512","0","512","32","65536","34089730048","1","1","32","14.820923","823.806881","11.205327","1.155592","133546.000000","14.820923","14.820923","0.115328","0.004802","4.183657","2.488361","13.350159","0.000000","0.002251","10.591823","3.446115","3.122737","9.795880","0.000000","0.017820","54.324296","128.000000","1.000000","1.000000","128","1","0","CachePreferNone","139648070849792","10","2","1","20","32.000000","3.000000","2.000000","16.000000","200","2056","1416","154.000000","20480.000000","98.304000","41.216000","41.216000","0.000000","0.000000","41.216000","7","2560.000000","0","0.12","0.000000","4.711460","5.602291","0.000000","13.006621","13.243115","3.947543","13.243115","4.163794","","","","","0","0","0","no data","0","0","0","0","","0","0","0","12","0","0","no data","0","0","0","23.115157","23.115157","23.115157","0.439188","23.115157","23.115157","23.115157","0.439188","19","0","32753.600000","5.183616","0.013730","0.072029","0.048394","0.000000","3.509890","0.001501","0.000000","5.185327","8.000000","12.500000","5.112150","1.758378","2.581022","2.581022","0.802068","0.002251","0.000000","15.414480","15.366086","15.414480","6.249397","3.999614","2.000000"
"10","23233","gemm_bench","127.0.0.1","volta_h884gemm_256x64_ldg8_nn","1","7","(128, 1, 1)","(10, 2, 1)","0","7.0","320","7","0","1","1","0","1","0","0","320","1380000","7","0","0","1","1","1","1","1","0","0","Tesla V100-PCIE-32GB","1","4096","8","0","1","4096","1","1","498471134","7606","8000","16","2","2","8000","16","161","306843870","1","0","0","0","1","320","0","1","6291456","64","32","1","1","0","1024","1024","64","32","1380000","2147483647","65535","65535","4","1","877000","0","2147483647","65536","65536","255","49152","98304","98304","1024","2048","64","16","2048","32768","32768","65536","32768","2048","32768","131072","16384","16384","16384","2046","32768","32768","2048","32768","268435456","32768","131072","32768","32768","65536","32768","2048","32768","65000","2097120","131072","32768","32768","131072","16384","32768","16384","8192","16384","8192","2046","32768","32768","877000","1","0","0","80","8","4","1","0","0","132","0","0","1","15","0","7","2","1","1","512","0","512","32","65536","34089730048","1","1","32","14.779233","824.529216","11.181037","1.156315","133798.000000","14.779233","14.779233","0.115552","0.004546","4.172890","2.481956","13.315689","0.000000","0.002245","10.564470","3.437246","3.114700","9.770669","0.000000","0.017774","54.262995","128.000000","1.000000","1.000000","128","1","0","CachePreferNone","139648070849792","10","2","1","20","32.000000","3.000000","2.000000","16.000000","200","2056","1416","154.000000","20480.000000","98.304000","41.216000","41.216000","0.000000","0.000000","41.216000","7","2560.000000","0","0.12","0.000000","4.701272","5.590146","0.000000","12.978426","13.214507","3.938986","13.214507","4.154806","","","","","0","0","0","no data","0","0","0","0","","0","0","0","12","0","0","no data","0","0","0","23.115157","23.115157","23.115157","0.439188","23.115157","23.115157","23.115157","0.439188","19","0","32790.325000","5.170275","0.013471","0.071843","0.048270","0.000000","3.500857","0.001497","0.000000","5.171528","8.000000","12.500000","5.098993","1.753796","2.574380","2.574380","0.800003","0.002245","0.000000","15.374809","15.326539","15.374809","6.249521","3.999694","2.000000"
"11","23233","gemm_bench","127.0.0.1","volta_h884gemm_256x64_ldg8_nn","1","7","(128, 1, 1)","(10, 2, 1)","0","7.0","320","7","0","1","1","0","1","0","0","320","1380000","7","0","0","1","1","1","1","1","0","0","Tesla V100-PCIE-32GB","1","4096","8","0","1","4096","1","1","498471134","7606","8000","16","2","2","8000","16","161","306843870","1","0","0","0","1","320","0","1","6291456","64","32","1","1","0","1024","1024","64","32","1380000","2147483647","65535","65535","4","1","877000","0","2147483647","65536","65536","255","49152","98304","98304","1024","2048","64","16","2048","32768","32768","65536","32768","2048","32768","131072","16384","16384","16384","2046","32768","32768","2048","32768","268435456","32768","131072","32768","32768","65536","32768","2048","32768","65000","2097120","131072","32768","32768","131072","16384","32768","16384","8192","16384","8192","2046","32768","32768","877000","1","0","0","80","8","4","1","0","0","132","0","0","1","15","0","7","2","1","1","512","0","512","32","65536","34089730048","1","1","32","14.815933","827.989964","11.202385","1.161974","133520.000000","14.815933","14.815933","0.114784","0.004554","4.180364","2.486402","13.339435","0.000000","0.002249","10.583673","3.443402","3.120279","9.788169","0.000000","0.017806","54.303916","128.000000","1.000000","1.000000","128","1","0","CachePreferNone","139648070849792","10","2","1","20","32.000000","3.000000","2.000000","16.000000","200","2056","1416","154.000000","20480.000000","98.304000","41.216000","41.216000","0.000000","0.000000","41.216000","7","2560.000000","0","0.12","0.000000","4.710223","5.600820","0.000000","13.003207","13.239638","3.946507","13.239638","4.162726","","","","","0","0","0","no data","0","0","0","0","","0","0","0","12","0","0","no data","0","0","0","23.115157","23.115157","23.115157","0.439188","23.115157","23.115157","23.115157","0.439188","19","0","32765.362500","5.179535","0.013795","0.071972","0.048356","0.000000","3.507127","0.001499","0.000000","5.181009","8.000000","12.500000","5.108125","1.757012","2.578990","2.578990","0.801436","0.002249","0.000000","15.402346","15.353990","15.402346","6.249518","3.999692","2.000000"
"12","23233","gemm_bench","127.0.0.1","volta_h884gemm_256x64_ldg8_nn","1","7","(128, 1, 1)","(10, 2, 1)","0","7.0","320","7","0","1","1","0","1","0","0","320","1380000","7","0","0","1","1","1","1","1","0","0","Tesla V100-PCIE-32GB","1","4096","8","0","1","4096","1","1","498471134","7606","8000","16","2","2","8000","16","161","306843870","1","0","0","0","1","320","0","1","6291456","64","32","1","1","0","1024","1024","64","32","1380000","2147483647","65535","65535","4","1","877000","0","2147483647","65536","65536","255","49152","98304","98304","1024","2048","64","16","2048","32768","32768","65536","32768","2048","32768","131072","16384","16384","16384","2046","32768","32768","2048","32768","268435456","32768","131072","32768","32768","65536","32768","2048","32768","65000","2097120","131072","32768","32768","131072","16384","32768","16384","8192","16384","8192","2046","32768","32768","877000","1","0","0","80","8","4","1","0","0","132","0","0","1","15","0","7","2","1","1","512","0","512","32","65536","34089730048","1","1","32","14.791032","826.159400","11.184856","1.158728","133838.000000","14.791032","14.791032","0.115232","0.004718","4.175683","2.483618","13.324563","0.000000","0.002247","10.571129","3.439546","3.116785","9.777208","0.000000","0.017786","54.348658","128.000000","1.000000","1.000000","128","1","0","CachePreferNone","139648070849792","10","2","1","20","32.000000","3.000000","2.000000","16.000000","200","2056","1416","154.000000","20480.000000","98.304000","41.216000","41.216000","0.000000","0.000000","41.216000","7","2560.000000","0","0.12","0.000000","4.702853","5.592056","0.000000","12.982859","13.218921","3.940331","13.218921","4.155989","","","","","0","0","0","no data","0","0","0","0","","0","0","0","12","0","0","no data","0","0","0","23.115157","23.115157","23.115157","0.439188","23.115157","23.115157","23.115157","0.439188","19","0","32738.550000","5.173735","0.013480","0.071891","0.048302","0.000000","3.503200","0.001498","0.000000","5.175734","8.000000","12.500000","5.102406","1.754970","2.576103","2.576103","0.800539","0.002247","0.000000","15.385099","15.336797","15.385099","6.249526","3.999697","2.000000"
"13","23233","gemm_bench","127.0.0.1","volta_h884gemm_256x64_ldg8_nn","1","7","(128, 1, 1)","(10, 2, 1)","0","7.0","320","7","0","1","1","0","1","0","0","320","1380000","7","0","0","1","1","1","1","1","0","0","Tesla V100-PCIE-32GB","1","4096","8","0","1","4096","1","1","498471134","7606","8000","16","2","2","8000","16","161","306843870","1","0","0","0","1","320","0","1","6291456","64","32","1","1","0","1024","1024","64","32","1380000","2147483647","65535","65535","4","1","877000","0","2147483647","65536","65536","255","49152","98304","98304","1024","2048","64","16","2048","32768","32768","65536","32768","2048","32768","131072","16384","16384","16384","2046","32768","32768","2048","32768","268435456","32768","131072","32768","32768","65536","32768","2048","32768","65000","2097120","131072","32768","32768","131072","16384","32768","16384","8192","16384","8192","2046","32768","32768","877000","1","0","0","80","8","4","1","0","0","132","0","0","1","15","0","7","2","1","1","512","0","512","32","65536","34089730048","1","1","32","14.791032","833.800448","11.179439","1.170215","133767.000000","14.791032","14.791032","0.114176","0.004490","4.173055","2.482055","13.315927","0.000000","0.002245","10.564337","3.437382","3.114824","9.771056","0.000000","0.017774","54.265413","128.000000","1.000000","1.000000","128","1","0","CachePreferNone","139648070849792","10","2","1","20","32.000000","3.000000","2.000000","16.000000","200","2056","1416","154.000000","20480.000000","98.304000","41.216000","41.216000","0.000000","0.000000","41.216000","7","2560.000000","0","0.12","0.000000","4.700575","5.589347","0.000000","12.976571","13.212519","3.938423","13.212519","4.154398","","","","","0","0","0","no data","0","0","0","0","","0","0","0","12","0","0","no data","0","0","0","23.115157","23.115157","23.115157","0.439188","23.115157","23.115157","23.115157","0.439188","19","0","32788.150000","5.170480","0.013696","0.071846","0.048272","0.000000","3.500996","0.001497","0.000000","5.171733","8.000000","12.500000","5.099195","1.753922","2.574482","2.574482","0.800035","0.002245","0.000000","15.375419","15.327147","15.375419","6.249404","3.999619","2.000000"
"14","23233","gemm_bench","127.0.0.1","volta_h884gemm_256x64_ldg8_nn","1","7","(128, 1, 1)","(10, 2, 1)","0","7.0","320","7","0","1","1","0","1","0","0","320","1380000","7","0","0","1","1","1","1","1","0","0","Tesla V100-PCIE-32GB","1","4096","8","0","1","4096","1","1","498471134","7606","8000","16","2","2","8000","16","161","306843870","1","0","0","0","1","320","0","1","6291456","64","32","1","1","0","1024","1024","64","32","1380000","2147483647","65535","65535","4","1","877000","0","2147483647","65536","65536","255","49152","98304","98304","1024","2048","64","16","2048","32768","32768","65536","32768","2048","32768","131072","16384","16384","16384","2046","32768","32768","2048","32768","268435456","32768","131072","32768","32768","65536","32768","2048","32768","65000","2097120","131072","32768","32768","131072","16384","32768","16384","8192","16384","8192","2046","32768","32768","877000","1","0","0","80","8","4","1","0","0","132","0","0","1","15","0","7","2","1","1","512","0","512","32","65536","34089730048","1","1","32","14.803735","828.686925","11.197061","1.162446","133635.000000","14.803735","14.803735","0.114784","0.004721","4.178753","2.485444","13.334512","0.000000","0.002248","10.579081","3.442076","3.119077","9.784398","0.000000","0.017799","54.177557","128.000000","1.000000","1.000000","128","1","0","CachePreferNone","139648070849792","10","2","1","20","32.000000","3.000000","2.000000","16.000000","200","2056","1416","154.000000","20480.000000","98.304000","41.216000","41.216000","0.000000","0.000000","41.216000","7","2560.000000","0","0.12","0.000000","4.707926","5.598059","0.000000","12.996796","13.233111","3.944586","13.233111","4.160351","","","","","0","0","0","no data","0","0","0","0","","0","0","0","12","0","0","no data","0","0","0","23.115157","23.115157","23.115157","0.439188","23.115157","23.115157","23.115157","0.439188","19","0","32842.312500","5.177540","0.013714","0.071944","0.048337","0.000000","3.505776","0.001499","0.000000","5.179013","8.000000","12.500000","5.106158","1.756317","2.577997","2.577997","0.801128","0.002248","0.000000","15.396413","15.348076","15.396413","6.249510","3.999686","2.000000"
"15","23233","gemm_bench","127.0.0.1","volta_h884gemm_256x64_ldg8_nn","1","7","(128, 1, 1)","(10, 2, 1)","0","7.0","320","7","0","1","1","0","1","0","0","320","1380000","7","0","0","1","1","1","1","1","0","0","Tesla V100-PCIE-32GB","1","4096","8","0","1","4096","1","1","498471134","7606","8000","16","2","2","8000","16","161","306843870","1","0","0","0","1","320","0","1","6291456","64","32","1","1","0","1024","1024","64","32","1380000","2147483647","65535","65535","4","1","877000","0","2147483647","65536","65536","255","49152","98304","98304","1024","2048","64","16","2048","32768","32768","65536","32768","2048","32768","131072","16384","16384","16384","2046","32768","32768","2048","32768","268435456","32768","131072","32768","32768","65536","32768","2048","32768","65000","2097120","131072","32768","32768","131072","16384","32768","16384","8192","16384","8192","2046","32768","32768","877000","1","0","0","80","8","4","1","0","0","132","0","0","1","15","0","7","2","1","1","512","0","512","32","65536","34089730048","1","1","32","14.741481","831.244779","11.148284","1.166098","134233.000000","14.741481","14.741481","0.114912","0.004608","4.160890","2.474819","13.277508","0.000000","0.002239","10.533371","3.427361","3.105743","9.742571","0.000000","0.017723","54.140136","128.000000","1.000000","1.000000","128","1","0","CachePreferNone","139648070849792","10","2","1","20","32.000000","3.000000","2.000000","16.000000","200","2056","1416","154.000000","20480.000000","98.304000","41.216000","41.216000","0.000000","0.000000","41.216000","7","2560.000000","0","0.12","0.000000","4.687475","5.573771","0.000000","12.940507","13.175697","3.927447","13.175697","4.143154","","","","","0","0","0","no data","0","0","0","0","","0","0","0","12","0","0","no data","0","0","0","23.115157","23.115157","23.115157","0.439188","23.115157","23.115157","23.115157","0.439188","19","0","32865.012500","5.155407","0.013432","0.071637","0.048131","0.000000","3.490789","0.001492","0.000000","5.156656","8.000000","12.500000","5.084330","1.748753","2.566976","2.566976","0.797703","0.002239","0.000000","15.330595","15.282464","15.330595","6.249508","3.999685","2.000000"
"16","23233","gemm_bench","127.0.0.1","volta_h884gemm_256x64_ldg8_nn","1","7","(128, 1, 1)","(10, 2, 1)","0","7.0","320","7","0","1","1","0","1","0","0","320","1380000","7","0","0","1","1","1","1","1","0","0","Tesla V100-PCIE-32GB","1","4096","8","0","1","4096","1","1","498471134","7606","8000","16","2","2","8000","16","161","306843870","1","0","0","0","1","320","0","1","6291456","64","32","1","1","0","1024","1024","64","32","1380000","2147483647","65535","65535","4","1","877000","0","2147483647","65536","65536","255","49152","98304","98304","1024","2048","64","16","2048","32768","32768","65536","32768","2048","32768","131072","16384","16384","16384","2046","32768","32768","2048","32768","268435456","32768","131072","32768","32768","65536","32768","2048","32768","65000","2097120","131072","32768","32768","131072","16384","32768","16384","8192","16384","8192","2046","32768","32768","877000","1","0","0","80","8","4","1","0","0","132","0","0","1","15","0","7","2","1","1","512","0","512","32","65536","34089730048","1","1","32","14.781716","831.297124","11.179439","1.165881","133793.000000","14.781716","14.781716","0.114592","0.004622","4.173297","2.482199","13.317307","0.000000","0.002245","10.564828","3.437582","3.115004","9.771623","0.000000","0.017775","54.264085","128.000000","1.000000","1.000000","128","1","0","CachePreferNone","139648070849792","10","2","1","20","32.000000","3.000000","2.000000","16.000000","200","2056","1416","154.000000","20480.000000","98.304000","41.216000","41.216000","0.000000","0.000000","41.216000","7","2560.000000","0","0.12","0.000000","4.700575","5.589347","0.000000","12.976571","13.212519","3.938423","13.212519","4.154696","","","","","0","0","0","no data","0","0","0","0","","0","0","0","12","0","0","no data","0","0","0","23.115157","23.115157","23.115157","0.439188","23.115157","23.115157","23.115157","0.439188","19","0","32790.450000","5.170780","0.013472","0.071850","0.048274","0.000000","3.501199","0.001497","0.000000","5.172272","8.000000","12.500000","5.099491","1.753967","2.574631","2.574631","0.800082","0.002245","0.000000","15.376311","15.328036","15.376311","6.249452","3.999649","2.000000"
"17","23233","gemm_bench","127.0.0.1","volta_h884gemm_256x64_ldg8_nn","1","7","(128, 1, 1)","(10, 2, 1)","0","7.0","320","7","0","1","1","0","1","0","0","320","1380000","7","0","0","1","1","1","1","1","0","0","Tesla V100-PCIE-32GB","1","4096","8","0","1","4096","1","1","498471134","7606","8000","16","2","2","8000","16","161","306843870","1","0","0","0","1","320","0","1","6291456","64","32","1","1","0","1024","1024","64","32","1380000","2147483647","65535","65535","4","1","877000","0","2147483647","65536","65536","255","49152","98304","98304","1024","2048","64","16","2048","32768","32768","65536","32768","2048","32768","131072","16384","16384","16384","2046","32768","32768","2048","32768","268435456","32768","131072","32768","32768","65536","32768","2048","32768","65000","2097120","131072","32768","32768","131072","16384","32768","16384","8192","16384","8192","2046","32768","32768","877000","1","0","0","80","8","4","1","0","0","132","0","0","1","15","0","7","2","1","1","512","0","512","32","65536","34089730048","1","1","32","14.763738","835.576114","11.172964","1.171522","133919.000000","14.763738","14.763738","0.114144","0.004786","4.169493","2.479936","13.304829","0.000000","0.002243","10.555963","3.434448","3.112164","9.762714","0.000000","0.017759","54.028185","128.000000","1.000000","1.000000","128","1","0","CachePreferNone","139648070849792","10","2","1","20","32.000000","3.000000","2.000000","16.000000","200","2056","1416","154.000000","20480.000000","98.304000","41.216000","41.216000","0.000000","0.000000","41.216000","7","2560.000000","0","0.12","0.000000","4.697852","5.586110","0.000000","12.969055","13.204866","3.936142","13.204866","4.152401","","","","","0","0","0","no data","0","0","0","0","","0","0","0","12","0","0","no data","0","0","0","23.115157","23.115157","23.115157","0.439188","23.115157","23.115157","23.115157","0.439188","19","0","32932.787500","5.166066","0.013684","0.071785","0.048230","0.000000","3.498007","0.001496","0.000000","5.167318","8.000000","12.500000","5.094842","1.752424","2.572284","2.572284","0.799352","0.002243","0.000000","15.362292","15.314062","15.362292","6.249446","3.999645","2.000000"
"18","23233","gemm_bench","127.0.0.1","volta_h884gemm_256x64_ldg8_nn","1","7","(128, 1, 1)","(10, 2, 1)","0","7.0","320","7","0","1","1","0","1","0","0","320","1380000","7","0","0","1","1","1","1","1","0","0","Tesla V100-PCIE-32GB","1","4096","8","0","1","4096","1","1","498471134","7606","8000","16","2","2","8000","16","161","306843870","1","0","0","0","1","320","0","1","6291456","64","32","1","1","0","1024","1024","64","32","1380000","2147483647","65535","65535","4","1","877000","0","2147483647","65536","65536","255","49152","98304","98304","1024","2048","64","16","2048","32768","32768","65536","32768","2048","32768","131072","16384","16384","16384","2046","32768","32768","2048","32768","268435456","32768","131072","32768","32768","65536","32768","2048","32768","65000","2097120","131072","32768","32768","131072","16384","32768","16384","8192","16384","8192","2046","32768","32768","877000","1","0","0","80","8","4","1","0","0","132","0","0","1","15","0","7","2","1","1","512","0","512","32","65536","34089730048","1","1","32","14.815933","827.298050","11.201851","1.160704","133576.000000","14.815933","14.815933","0.114880","0.004724","4.181353","2.486990","13.342825","0.000000","0.002250","10.585755","3.444217","3.121017","9.790484","0.000000","0.017810","54.145649","128.000000","1.000000","1.000000","128","1","0","CachePreferNone","139648070849792","10","2","1","20","32.000000","3.000000","2.000000","16.000000","200","2056","1416","154.000000","20480.000000","98.304000","41.216000","41.216000","0.000000","0.000000","41.216000","7","2560.000000","0","0.12","0.000000","4.710023","5.600552","0.000000","13.002586","13.239106","3.946318","13.239106","4.162888","","","","","0","0","0","no data","0","0","0","0","","0","0","0","12","0","0","no data","0","0","0","23.115157","23.115157","23.115157","0.439188","23.115157","23.115157","23.115157","0.439188","19","0","32861.712500","5.180760","0.014248","0.071989","0.048368","0.000000","3.507957","0.001500","0.000000","5.182239","8.000000","12.500000","5.109334","1.757540","2.579601","2.579601","0.801626","0.002250","0.000000","15.405990","15.357622","15.405990","6.249327","3.999569","2.000000"
"19","23233","gemm_bench","127.0.0.1","volta_h884gemm_256x64_ldg8_nn","1","7","(128, 1, 1)","(10, 2, 1)","0","7.0","320","7","0","1","1","0","1","0","0","320","1380000","7","0","0","1","1","1","1","1","0","0","Tesla V100-PCIE-32GB","1","4096","8","0","1","4096","1","1","498471134","7606","8000","16","2","2","8000","16","161","306843870","1","0","0","0","1","320","0","1","6291456","64","32","1","1","0","1024","1024","64","32","1380000","2147483647","65535","65535","4","1","877000","0","2147483647","65536","65536","255","49152","98304","98304","1024","2048","64","16","2048","32768","32768","65536","32768","2048","32768","131072","16384","16384","16384","2046","32768","32768","2048","32768","268435456","32768","131072","32768","32768","65536","32768","2048","32768","65000","2097120","131072","32768","32768","131072","16384","32768","16384","8192","16384","8192","2046","32768","32768","877000","1","0","0","80","8","4","1","0","0","132","0","0","1","15","0","7","2","1","1","512","0","512","32","65536","34089730048","1","1","32","14.800982","829.520089","11.195527","1.163420","133647.000000","14.800982","14.800982","0.114688","0.004496","4.178590","2.485347","13.333512","0.000000","0.002248","10.579491","3.441941","3.118955","9.784015","0.000000","0.017798","54.149050","128.000000","1.000000","1.000000","128","1","0","CachePreferNone","139648070849792","10","2","1","20","32.000000","3.000000","2.000000","16.000000","200","2056","1416","154.000000","20480.000000","98.304000","41.216000","41.216000","0.000000","0.000000","41.216000","7","2560.000000","0","0.12","0.000000","4.707340","5.597391","0.000000","12.995246","13.231533","3.944091","13.231533","4.159793","","","","","0","0","0","no data","0","0","0","0","","0","0","0","12","0","0","no data","0","0","0","23.115157","23.115157","23.115157","0.439188","23.115157","23.115157","23.115157","0.439188","19","0","32858.425000","5.177337","0.013789","0.071941","0.048336","0.000000","3.505639","0.001499","0.000000","5.178592","8.000000","12.500000","5.105958","1.756267","2.577896","2.577896","0.801096","0.002248","0.000000","15.395810","15.347475","15.395810","6.249381","3.999604","2.000000"
"20","23233","gemm_bench","127.0.0.1","volta_h884gemm_256x64_ldg8_nn","1","7","(128, 1, 1)","(10, 2, 1)","0","7.0","320","7","0","1","1","0","1","0","0","320","1380000","7","0","0","1","1","1","1","1","0","0","Tesla V100-PCIE-32GB","1","4096","8","0","1","4096","1","1","498471134","7606","8000","16","2","2","8000","16","161","306843870","1","0","0","0","1","320","0","1","6291456","64","32","1","1","0","1024","1024","64","32","1380000","2147483647","65535","65535","4","1","877000","0","2147483647","65536","65536","255","49152","98304","98304","1024","2048","64","16","2048","32768","32768","65536","32768","2048","32768","131072","16384","16384","16384","2046","32768","32768","2048","32768","268435456","32768","131072","32768","32768","65536","32768","2048","32768","65000","2097120","131072","32768","32768","131072","16384","32768","16384","8192","16384","8192","2046","32768","32768","877000","1","0","0","80","8","4","1","0","0","132","0","0","1","15","0","7","2","1","1","512","0","512","32","65536","34089730048","1","1","32","14.793518","827.629382","11.185389","1.161232","133748.000000","14.793518","14.793518","0.115008","0.004492","4.174905","2.483155","13.322241","0.000000","0.002246","10.569329","3.438906","3.116204","9.775387","0.000000","0.017782","54.365975","128.000000","1.000000","1.000000","128","1","0","CachePreferNone","139648070849792","10","2","1","20","32.000000","3.000000","2.000000","16.000000","200","2056","1416","154.000000","20480.000000","98.304000","41.216000","41.216000","0.000000","0.000000","41.216000","7","2560.000000","0","0.12","0.000000","4.703068","5.592322","0.000000","12.983478","13.219551","3.940519","13.219551","4.156410","","","","","0","0","0","no data","0","0","0","0","","0","0","0","12","0","0","no data","0","0","0","23.115157","23.115157","23.115157","0.439188","23.115157","23.115157","23.115157","0.439188","19","0","32728.512500","5.172772","0.013777","0.071878","0.048293","0.000000","3.502548","0.001497","0.000000","5.174243","8.000000","12.500000","5.101455","1.754718","2.575623","2.575623","0.800390","0.002246","0.000000","15.382234","15.333941","15.382234","6.249382","3.999604","2.000000"
"21","23233","gemm_bench","127.0.0.1","volta_h884gemm_256x64_ldg8_nn","1","7","(128, 1, 1)","(10, 2, 1)","0","7.0","320","7","0","1","1","0","1","0","0","320","1380000","7","0","0","1","1","1","1","1","0","0","Tesla V100-PCIE-32GB","1","4096","8","0","1","4096","1","1","498471134","7606","8000","16","2","2","8000","16","161","306843870","1","0","0","0","1","320","0","1","6291456","64","32","1","1","0","1024","1024","64","32","1380000","2147483647","65535","65535","4","1","877000","0","2147483647","65536","65536","255","49152","98304","98304","1024","2048","64","16","2048","32768","32768","65536","32768","2048","32768","131072","16384","16384","16384","2046","32768","32768","2048","32768","268435456","32768","131072","32768","32768","65536","32768","2048","32768","65000","2097120","131072","32768","32768","131072","16384","32768","16384","8192","16384","8192","2046","32768","32768","877000","1","0","0","80","8","4","1","0","0","132","0","0","1","15","0","7","2","1","1","512","0","512","32","65536","34089730048","1","1","32","14.761261","822.118036","11.164371","1.152892","134008.000000","14.761261","14.761261","0.116032","0.004709","4.167963","2.479026","13.300229","0.000000","0.002242","10.552717","3.433188","3.111023","9.759133","0.000000","0.017753","54.249917","128.000000","1.000000","1.000000","128","1","0","CachePreferNone","139648070849792","10","2","1","20","32.000000","3.000000","2.000000","16.000000","200","2056","1416","154.000000","20480.000000","98.304000","41.216000","41.216000","0.000000","0.000000","41.216000","7","2560.000000","0","0.12","0.000000","4.694239","5.581814","0.000000","12.959081","13.194710","3.933114","13.194710","4.148389","","","","","0","0","0","no data","0","0","0","0","","0","0","0","12","0","0","no data","0","0","0","23.115157","23.115157","23.115157","0.439188","23.115157","23.115157","23.115157","0.439188","19","0","32798.875000","5.164171","0.013455","0.071758","0.048213","0.000000","3.496724","0.001495","0.000000","5.165423","8.000000","12.500000","5.092973","1.751726","2.571340","2.571340","0.799059","0.002242","0.000000","15.356657","15.308444","15.356657","6.249471","3.999662","2.000000"
"22","23233","gemm_bench","127.0.0.1","volta_h884gemm_256x64_ldg8_nn","1","7","(128, 1, 1)","(10, 2, 1)","0","7.0","320","7","0","1","1","0","1","0","0","320","1380000","7","0","0","1","1","1","1","1","0","0","Tesla V100-PCIE-32GB","1","4096","8","0","1","4096","1","1","498471134","7606","8000","16","2","2","8000","16","161","306843870","1","0","0","0","1","320","0","1","6291456","64","32","1","1","0","1024","1024","64","32","1380000","2147483647","65535","65535","4","1","877000","0","2147483647","65536","65536","255","49152","98304","98304","1024","2048","64","16","2048","32768","32768","65536","32768","2048","32768","131072","16384","16384","16384","2046","32768","32768","2048","32768","268435456","32768","131072","32768","32768","65536","32768","2048","32768","65000","2097120","131072","32768","32768","131072","16384","32768","16384","8192","16384","8192","2046","32768","32768","877000","1","0","0","80","8","4","1","0","0","132","0","0","1","15","0","7","2","1","1","512","0","512","32","65536","34089730048","1","1","32","14.746683","833.985467","11.147246","1.170122","134163.000000","14.746683","14.746683","0.114496","0.004777","4.161681","2.475290","13.280527","0.000000","0.002239","10.535533","3.428013","3.106334","9.744423","0.000000","0.017726","54.172502","128.000000","1.000000","1.000000","128","1","0","CachePreferNone","139648070849792","10","2","1","20","32.000000","3.000000","2.000000","16.000000","200","2056","1416","154.000000","20480.000000","98.304000","41.216000","41.216000","0.000000","0.000000","41.216000","7","2560.000000","0","0.12","0.000000","4.686980","5.573153","0.000000","12.938973","13.174237","3.927037","13.174237","4.142881","","","","","0","0","0","no data","0","0","0","0","","0","0","0","12","0","0","no data","0","0","0","23.115157","23.115157","23.115157","0.439188","23.115157","23.115157","23.115157","0.439188","19","0","32846.600000","5.156387","0.013434","0.071650","0.048140","0.000000","3.491453","0.001493","0.000000","5.157637","8.000000","12.500000","5.085296","1.749085","2.567465","2.567465","0.797855","0.002239","0.000000","15.333510","15.285370","15.333510","6.249323","3.999567","2.000000"
"23","23233","gemm_bench","127.0.0.1","volta_h884gemm_256x64_ldg8_nn","1","7","(128, 1, 1)","(10, 2, 1)","0","7.0","320","7","0","1","1","0","1","0","0","320","1380000","7","0","0","1","1","1","1","1","0","0","Tesla V100-PCIE-32GB","1","4096","8","0","1","4096","1","1","498471134","7606","8000","16","2","2","8000","16","161","306843870","1","0","0","0","1","320","0","1","6291456","64","32","1","1","0","1024","1024","64","32","1380000","2147483647","65535","65535","4","1","877000","0","2147483647","65536","65536","255","49152","98304","98304","1024","2048","64","16","2048","32768","32768","65536","32768","2048","32768","131072","16384","16384","16384","2046","32768","32768","2048","32768","268435456","32768","131072","32768","32768","65536","32768","2048","32768","65000","2097120","131072","32768","32768","131072","16384","32768","16384","8192","16384","8192","2046","32768","32768","877000","1","0","0","80","8","4","1","0","0","132","0","0","1","15","0","7","2","1","1","512","0","512","32","65536","34089730048","1","1","32","14.771172","834.687588","11.170305","1.171256","133994.000000","14.771172","14.771172","0.114208","0.004653","4.168135","2.479128","13.301227","0.000000","0.002243","10.552340","3.433329","3.111151","9.759536","0.000000","0.017753","54.080719","128.000000","1.000000","1.000000","128","1","0","CachePreferNone","139648070849792","10","2","1","20","32.000000","3.000000","2.000000","16.000000","200","2056","1416","154.000000","20480.000000","98.304000","41.216000","41.216000","0.000000","0.000000","41.216000","7","2560.000000","0","0.12","0.000000","4.696734","5.584780","0.000000","12.965969","13.201723","3.935205","13.201723","4.150966","","","","","0","0","0","no data","0","0","0","0","","0","0","0","12","0","0","no data","0","0","0","23.115157","23.115157","23.115157","0.439188","23.115157","23.115157","23.115157","0.439188","19","0","32902.600000","5.164384","0.013455","0.071761","0.048215","0.000000","3.496868","0.001495","0.000000","5.165636","8.000000","12.500000","5.093183","1.751798","2.571446","2.571446","0.799092","0.002243","0.000000","15.357291","15.309076","15.357291","6.249455","3.999651","2.000000"
"24","23233","gemm_bench","127.0.0.1","volta_h884gemm_256x64_ldg8_nn","1","7","(128, 1, 1)","(10, 2, 1)","0","7.0","320","7","0","1","1","0","1","0","0","320","1380000","7","0","0","1","1","1","1","1","0","0","Tesla V100-PCIE-32GB","1","4096","8","0","1","4096","1","1","498471134","7606","8000","16","2","2","8000","16","161","306843870","1","0","0","0","1","320","0","1","6291456","64","32","1","1","0","1024","1024","64","32","1380000","2147483647","65535","65535","4","1","877000","0","2147483647","65536","65536","255","49152","98304","98304","1024","2048","64","16","2048","32768","32768","65536","32768","2048","32768","131072","16384","16384","16384","2046","32768","32768","2048","32768","268435456","32768","131072","32768","32768","65536","32768","2048","32768","65000","2097120","131072","32768","32768","131072","16384","32768","16384","8192","16384","8192","2046","32768","32768","877000","1","0","0","80","8","4","1","0","0","132","0","0","1","15","0","7","2","1","1","512","0","512","32","65536","34089730048","1","1","32","14.786062","832.913518","11.185833","1.168330","133789.000000","14.786062","14.786062","0.114336","0.004491","4.173967","2.482597","13.319390","0.000000","0.002246","10.567526","3.438134","3.115504","9.773192","0.000000","0.017778","54.228175","128.000000","1.000000","1.000000","128","1","0","CachePreferNone","139648070849792","10","2","1","20","32.000000","3.000000","2.000000","16.000000","200","2056","1416","154.000000","20480.000000","98.304000","41.216000","41.216000","0.000000","0.000000","41.216000","7","2560.000000","0","0.12","0.000000","4.703264","5.592544","0.000000","12.983994","13.220076","3.940676","13.220076","4.156687","","","","","0","0","0","no data","0","0","0","0","","0","0","0","12","0","0","no data","0","0","0","23.115157","23.115157","23.115157","0.439188","23.115157","23.115157","23.115157","0.439188","19","0","32812.025000","5.171610","0.013474","0.071862","0.048282","0.000000","3.501761","0.001497","0.000000","5.172864","8.000000","12.500000","5.100310","1.754249","2.575044","2.575044","0.800210","0.002246","0.000000","15.378780","15.330497","15.378780","6.249498","3.999678","2.000000"
"25","23233","gemm_bench","127.0.0.1","volta_h884gemm_256x64_ldg8_nn","1","7","(128, 1, 1)","(10, 2, 1)","0","7.0","320","7","0","1","1","0","1","0","0","320","1380000","7","0","0","1","1","1","1","1","0","0","Tesla V100-PCIE-32GB","1","4096","8","0","1","4096","1","1","498471134","7606","8000","16","2","2","8000","16","161","306843870","1","0","0","0","1","320","0","1","6291456","64","32","1","1","0","1024","1024","64","32","1380000","2147483647","65535","65535","4","1","877000","0","2147483647","65536","65536","255","49152","98304","98304","1024","2048","64","16","2048","32768","32768","65536","32768","2048","32768","131072","16384","16384","16384","2046","32768","32768","2048","32768","268435456","32768","131072","32768","32768","65536","32768","2048","32768","65000","2097120","131072","32768","32768","131072","16384","32768","16384","8192","16384","8192","2046","32768","32768","877000","1","0","0","80","8","4","1","0","0","132","0","0","1","15","0","7","2","1","1","512","0","512","32","65536","34089730048","1","1","32","14.743951","830.874165","11.145372","1.165884","134217.000000","14.743951","14.743951","0.114944","0.004552","4.160563","2.474625","13.276167","0.000000","0.002238","10.533505","3.427092","3.105499","9.741806","0.000000","0.017721","54.324546","128.000000","1.000000","1.000000","128","1","0","CachePreferNone","139648070849792","10","2","1","20","32.000000","3.000000","2.000000","16.000000","200","2056","1416","154.000000","20480.000000","98.304000","41.216000","41.216000","0.000000","0.000000","41.216000","7","2560.000000","0","0.12","0.000000","4.686251","5.572315","0.000000","12.937028","13.172256","3.926421","13.172256","4.141825","","","","","0","0","0","no data","0","0","0","0","","0","0","0","12","0","0","no data","0","0","0","23.115157","23.115157","23.115157","0.439188","23.115157","23.115157","23.115157","0.439188","19","0","32752.712500","5.155002","0.013431","0.071631","0.048127","0.000000","3.490515","0.001492","0.000000","5.156468","8.000000","12.500000","5.083930","1.748615","2.566775","2.566775","0.797640","0.002238","0.000000","15.329391","15.281264","15.329391","6.249543","3.999708","2.000000"
"26","23233","gemm_bench","127.0.0.1","volta_h884gemm_256x64_ldg8_nn","1","7","(128, 1, 1)","(10, 2, 1)","0","7.0","320","7","0","1","1","0","1","0","0","320","1380000","7","0","0","1","1","1","1","1","0","0","Tesla V100-PCIE-32GB","1","4096","8","0","1","4096","1","1","498471134","7606","8000","16","2","2","8000","16","161","306843870","1","0","0","0","1","320","0","1","6291456","64","32","1","1","0","1024","1024","64","32","1380000","2147483647","65535","65535","4","1","877000","0","2147483647","65536","65536","255","49152","98304","98304","1024","2048","64","16","2048","32768","32768","65536","32768","2048","32768","131072","16384","16384","16384","2046","32768","32768","2048","32768","268435456","32768","131072","32768","32768","65536","32768","2048","32768","65000","2097120","131072","32768","32768","131072","16384","32768","16384","8192","16384","8192","2046","32768","32768","877000","1","0","0","80","8","4","1","0","0","132","0","0","1","15","0","7","2","1","1","512","0","512","32","65536","34089730048","1","1","32","14.833413","827.244841","11.211930","1.160680","133486.000000","14.833413","14.833413","0.114752","0.004504","4.186115","2.489822","13.358115","0.000000","0.002252","10.597557","3.448139","3.124571","9.801634","0.000000","0.017830","54.262111","128.000000","1.000000","1.000000","128","1","0","CachePreferNone","139648070849792","10","2","1","20","32.000000","3.000000","2.000000","16.000000","200","2056","1416","154.000000","20480.000000","98.304000","41.216000","41.216000","0.000000","0.000000","41.216000","7","2560.000000","0","0.12","0.000000","4.714261","5.605592","0.000000","13.014285","13.251018","3.949869","13.251018","4.166074","","","","","0","0","0","no data","0","0","0","0","","0","0","0","12","0","0","no data","0","0","0","23.115157","23.115157","23.115157","0.439188","23.115157","23.115157","23.115157","0.439188","19","0","32791.412500","5.186661","0.013513","0.072071","0.048423","0.000000","3.511952","0.001501","0.000000","5.188141","8.000000","12.500000","5.115153","1.759354","2.582538","2.582538","0.802539","0.002252","0.000000","15.423535","15.375113","15.423535","6.249447","3.999646","2.000000"
"27","23233","gemm_bench","127.0.0.1","volta_h884gemm_256x64_ldg8_nn","1","7","(128, 1, 1)","(10, 2, 1)","0","7.0","320","7","0","1","1","0","1","0","0","320","1380000","7","0","0","1","1","1","1","1","0","0","Tesla V100-PCIE-32GB","1","4096","8","0","1","4096","1","1","498471134","7606","8000","16","2","2","8000","16","161","306843870","1","0","0","0","1","320","0","1","6291456","64","32","1","1","0","1024","1024","64","32","1380000","2147483647","65535","65535","4","1","877000","0","2147483647","65536","65536","255","49152","98304","98304","1024","2048","64","16","2048","32768","32768","65536","32768","2048","32768","131072","16384","16384","16384","2046","32768","32768","2048","32768","268435456","32768","131072","32768","32768","65536","32768","2048","32768","65000","2097120","131072","32768","32768","131072","16384","32768","16384","8192","16384","8192","2046","32768","32768","877000","1","0","0","80","8","4","1","0","0","132","0","0","1","15","0","7","2","1","1","512","0","512","32","65536","34089730048","1","1","32","14.711909","828.761430","11.124240","1.162391","134477.000000","14.711909","14.711909","0.115488","0.004637","4.153404","2.470367","13.253249","0.000000","0.002235","10.515278","3.421195","3.100156","9.725044","0.000000","0.017691","54.375167","128.000000","1.000000","1.000000","128","1","0","CachePreferNone","139648070849792","10","2","1","20","32.000000","3.000000","2.000000","16.000000","200","2056","1416","154.000000","20480.000000","98.304000","41.216000","41.216000","0.000000","0.000000","41.216000","7","2560.000000","0","0.12","0.000000","4.677366","5.561749","0.000000","12.912499","13.147281","3.918977","13.147281","4.133293","","","","","0","0","0","no data","0","0","0","0","","0","0","0","12","0","0","no data","0","0","0","23.115157","23.115157","23.115157","0.439188","23.115157","23.115157","23.115157","0.439188","19","0","32722.037500","5.146132","0.013929","0.071508","0.048044","0.000000","3.484509","0.001490","0.000000","5.147379","8.000000","12.500000","5.075183","1.745737","2.562358","2.562358","0.796268","0.002235","0.000000","15.303015","15.254970","15.303015","6.249528","3.999698","2.000000"
"28","23233","gemm_bench","127.0.0.1","volta_h884gemm_256x64_ldg8_nn","1","7","(128, 1, 1)","(10, 2, 1)","0","7.0","320","7","0","1","1","0","1","0","0","320","1380000","7","0","0","1","1","1","1","1","0","0","Tesla V100-PCIE-32GB","1","4096","8","0","1","4096","1","1","498471134","7606","8000","16","2","2","8000","16","161","306843870","1","0","0","0","1","320","0","1","6291456","64","32","1","1","0","1024","1024","64","32","1380000","2147483647","65535","65535","4","1","877000","0","2147483647","65536","65536","255","49152","98304","98304","1024","2048","64","16","2048","32768","32768","65536","32768","2048","32768","131072","16384","16384","16384","2046","32768","32768","2048","32768","268435456","32768","131072","32768","32768","65536","32768","2048","32768","65000","2097120","131072","32768","32768","131072","16384","32768","16384","8192","16384","8192","2046","32768","32768","877000","1","0","0","80","8","4","1","0","0","132","0","0","1","15","0","7","2","1","1","512","0","512","32","65536","34089730048","1","1","32","14.783578","831.889324","11.184856","1.166658","133762.000000","14.783578","14.783578","0.114496","0.004885","4.174099","2.482676","13.319324","0.000000","0.002246","10.567243","3.438242","3.115603","9.773501","0.000000","0.017779","54.193327","128.000000","1.000000","1.000000","128","1","0","CachePreferNone","139648070849792","10","2","1","20","32.000000","3.000000","2.000000","16.000000","200","2056","1416","154.000000","20480.000000","98.304000","41.216000","41.216000","0.000000","0.000000","41.216000","7","2560.000000","0","0.12","0.000000","4.702853","5.592056","0.000000","12.982859","13.218921","3.940331","13.218921","4.156833","","","","","0","0","0","no data","0","0","0","0","","0","0","0","12","0","0","no data","0","0","0","23.115157","23.115157","23.115157","0.439188","23.115157","23.115157","23.115157","0.439188","19","0","32831.925000","5.171774","0.013999","0.071864","0.048284","0.000000","3.501872","0.001497","0.000000","5.173028","8.000000","12.500000","5.100471","1.754436","2.575126","2.575126","0.800235","0.002246","0.000000","15.379266","15.330982","15.379266","6.248954","3.999331","2.000000"
"29","23233","gemm_bench","127.0.0.1","volta_h884gemm_256x64_ldg8_nn","1","7","(128, 1, 1)","(10, 2, 1)","0","7.0","320","7","0","1","1","0","1","0","0","320","1380000","7","0","0","1","1","1","1","1","0","0","Tesla V100-PCIE-32GB","1","4096","8","0","1","4096","1","1","498471134","7606","8000","16","2","2","8000","16","161","306843870","1","0","0","0","1","320","0","1","6291456","64","32","1","1","0","1024","1024","64","32","1380000","2147483647","65535","65535","4","1","877000","0","2147483647","65536","65536","255","49152","98304","98304","1024","2048","64","16","2048","32768","32768","65536","32768","2048","32768","131072","16384","16384","16384","2046","32768","32768","2048","32768","268435456","32768","131072","32768","32768","65536","32768","2048","32768","65000","2097120","131072","32768","32768","131072","16384","32768","16384","8192","16384","8192","2046","32768","32768","877000","1","0","0","80","8","4","1","0","0","132","0","0","1","15","0","7","2","1","1","512","0","512","32","65536","34089730048","1","1","32","14.748892","831.058496","11.155526","1.165654","134120.000000","14.748892","14.748892","0.114880","0.005040","4.163761","2.476527","13.286915","0.000000","0.002240","10.540604","3.429727","3.107886","9.749295","0.000000","0.017735","54.181165","128.000000","1.000000","1.000000","128","1","0","CachePreferNone","139648070849792","10","2","1","20","32.000000","3.000000","2.000000","16.000000","200","2056","1416","154.000000","20480.000000","98.304000","41.216000","41.216000","0.000000","0.000000","41.216000","7","2560.000000","0","0.12","0.000000","4.690520","5.577392","0.000000","12.948814","13.184257","3.929999","13.184257","4.143977","","","","","0","0","0","no data","0","0","0","0","","0","0","0","12","0","0","no data","0","0","0","23.115157","23.115157","23.115157","0.439188","23.115157","23.115157","23.115157","0.439188","19","0","32840.725000","5.158965","0.013441","0.071686","0.048164","0.000000","3.493199","0.001493","0.000000","5.160215","8.000000","12.500000","5.087839","1.749960","2.568748","2.568748","0.798253","0.002240","0.000000","15.341176","15.293012","15.341176","6.249462","3.999656","2.000000"
"30","23233","gemm_bench","127.0.0.1","volta_h884gemm_256x64_ldg8_nn","1","7","(128, 1, 1)","(10, 2, 1)","0","7.0","320","7","0","1","1","0","1","0","0","320","1380000","7","0","0","1","1","1","1","1","0","0","Tesla V100-PCIE-32GB","1","4096","8","0","1","4096","1","1","498471134","7606","8000","16","2","2","8000","16","161","306843870","1","0","0","0","1","320","0","1","6291456","64","32","1","1","0","1024","1024","64","32","1380000","2147483647","65535","65535","4","1","877000","0","2147483647","65536","65536","255","49152","98304","98304","1024","2048","64","16","2048","32768","32768","65536","32768","2048","32768","131072","16384","16384","16384","2046","32768","32768","2048","32768","268435456","32768","131072","32768","32768","65536","32768","2048","32768","65000","2097120","131072","32768","32768","131072","16384","32768","16384","8192","16384","8192","2046","32768","32768","877000","1","0","0","80","8","4","1","0","0","132","0","0","1","15","0","7","2","1","1","512","0","512","32","65536","34089730048","1","1","32","14.856213","823.692992","11.232431","1.155853","133196.000000","14.856213","14.856213","0.115072","0.004511","4.191978","2.493310","13.376704","0.000000","0.002255","10.612515","3.452969","3.128948","9.815364","0.000000","0.017855","54.221166","128.000000","1.000000","1.000000","128","1","0","CachePreferNone","139648070849792","10","2","1","20","32.000000","3.000000","2.000000","16.000000","200","2056","1416","154.000000","20480.000000","98.304000","41.216000","41.216000","0.000000","0.000000","41.216000","7","2560.000000","0","0.12","0.000000","4.722797","5.615742","0.000000","13.037851","13.274912","3.957046","13.274912","4.173605","","","","","0","0","0","no data","0","0","0","0","","0","0","0","12","0","0","no data","0","0","0","23.115157","23.115157","23.115157","0.439188","23.115157","23.115157","23.115157","0.439188","19","0","32815.875000","5.193926","0.013758","0.072172","0.048490","0.000000","3.516871","0.001504","0.000000","5.195185","8.000000","12.500000","5.122318","1.761875","2.586156","2.586156","0.803663","0.002255","0.000000","15.445140","15.396650","15.445140","6.249530","3.999699","2.000000"
"31","23233","gemm_bench","127.0.0.1","volta_h884gemm_256x64_ldg8_nn","1","7","(128, 1, 1)","(10, 2, 1)","0","7.0","320","7","0","1","1","0","1","0","0","320","1380000","7","0","0","1","1","1","1","1","0","0","Tesla V100-PCIE-32GB","1","4096","8","0","1","4096","1","1","498471134","7606","8000","16","2","2","8000","16","161","306843870","1","0","0","0","1","320","0","1","6291456","64","32","1","1","0","1024","1024","64","32","1380000","2147483647","65535","65535","4","1","877000","0","2147483647","65536","65536","255","49152","98304","98304","1024","2048","64","16","2048","32768","32768","65536","32768","2048","32768","131072","16384","16384","16384","2046","32768","32768","2048","32768","268435456","32768","131072","32768","32768","65536","32768","2048","32768","65000","2097120","131072","32768","32768","131072","16384","32768","16384","8192","16384","8192","2046","32768","32768","877000","1","0","0","80","8","4","1","0","0","132","0","0","1","15","0","7","2","1","1","512","0","512","32","65536","34089730048","1","1","32","14.810946","826.425591","11.196417","1.159356","133604.000000","14.810946","14.810946","0.115040","0.004498","4.180535","2.486504","13.340451","0.000000","0.002249","10.584454","3.443543","3.120407","9.788570","0.000000","0.017806","54.096597","128.000000","1.000000","1.000000","128","1","0","CachePreferNone","139648070849792","10","2","1","20","32.000000","3.000000","2.000000","16.000000","200","2056","1416","154.000000","20480.000000","98.304000","41.216000","41.216000","0.000000","0.000000","41.216000","7","2560.000000","0","0.12","0.000000","4.707726","5.597836","0.000000","12.996279","13.232585","3.944404","13.232585","4.160310","","","","","0","0","0","no data","0","0","0","0","","0","0","0","12","0","0","no data","0","0","0","23.115157","23.115157","23.115157","0.439188","23.115157","23.115157","23.115157","0.439188","19","0","32892.087500","5.179748","0.013495","0.071975","0.048358","0.000000","3.507271","0.001499","0.000000","5.181292","8.000000","12.500000","5.108335","1.757009","2.579096","2.579096","0.801469","0.002249","0.000000","15.402978","15.354620","15.402978","6.249368","3.999596","2.000000"
"32","23233","gemm_bench","127.0.0.1","volta_h884gemm_256x64_ldg8_nn","1","7","(128, 1, 1)","(10, 2, 1)","0","7.0","320","7","0","1","1","0","1","0","0","320","1380000","7","0","0","1","1","1","1","1","0","0","Tesla V100-PCIE-32GB","1","4096","8","0","1","4096","1","1","498471134","7606","8000","16","2","2","8000","16","161","306843870","1","0","0","0","1","320","0","1","6291456","64","32","1","1","0","1024","1024","64","32","1380000","2147483647","65535","65535","4","1","877000","0","2147483647","65536","65536","255","49152","98304","98304","1024","2048","64","16","2048","32768","32768","65536","32768","2048","32768","131072","16384","16384","16384","2046","32768","32768","2048","32768","268435456","32768","131072","32768","32768","65536","32768","2048","32768","65000","2097120","131072","32768","32768","131072","16384","32768","16384","8192","16384","8192","2046","32768","32768","877000","1","0","0","80","8","4","1","0","0","132","0","0","1","15","0","7","2","1","1","512","0","512","32","65536","34089730048","1","1","32","14.805962","821.448314","11.195438","1.152382","133656.000000","14.805962","14.805962","0.115776","0.004722","4.179049","2.485620","13.335381","0.000000","0.002248","10.580008","3.442320","3.119298","9.785091","0.000000","0.017800","54.182284","128.000000","1.000000","1.000000","128","1","0","CachePreferNone","139648070849792","10","2","1","20","32.000000","3.000000","2.000000","16.000000","200","2056","1416","154.000000","20480.000000","98.304000","41.216000","41.216000","0.000000","0.000000","41.216000","7","2560.000000","0","0.12","0.000000","4.707302","5.597346","0.000000","12.995143","13.231428","3.944059","13.231428","4.160890","","","","","0","0","0","no data","0","0","0","0","","0","0","0","12","0","0","no data","0","0","0","23.115157","23.115157","23.115157","0.439188","23.115157","23.115157","23.115157","0.439188","19","0","32839.262500","5.177907","0.013490","0.071949","0.048341","0.000000","3.506025","0.001499","0.000000","5.179162","8.000000","12.500000","5.106519","1.756385","2.578180","2.578180","0.801184","0.002248","0.000000","15.397503","15.349163","15.397503","6.249452","3.999649","2.000000"
"33","23233","gemm_bench","127.0.0.1","volta_h884gemm_256x64_ldg8_nn","1","7","(128, 1, 1)","(10, 2, 1)","0","7.0","320","7","0","1","1","0","1","0","0","320","1380000","7","0","0","1","1","1","1","1","0","0","Tesla V100-PCIE-32GB","1","4096","8","0","1","4096","1","1","498471134","7606","8000","16","2","2","8000","16","161","306843870","1","0","0","0","1","320","0","1","6291456","64","32","1","1","0","1024","1024","64","32","1380000","2147483647","65535","65535","4","1","877000","0","2147483647","65536","65536","255","49152","98304","98304","1024","2048","64","16","2048","32768","32768","65536","32768","2048","32768","131072","16384","16384","16384","2046","32768","32768","2048","32768","268435456","32768","131072","32768","32768","65536","32768","2048","32768","65000","2097120","131072","32768","32768","131072","16384","32768","16384","8192","16384","8192","2046","32768","32768","877000","1","0","0","80","8","4","1","0","0","132","0","0","1","15","0","7","2","1","1","512","0","512","32","65536","34089730048","1","1","32","14.763119","830.026455","11.160654","1.164136","134039.000000","14.763119","14.763119","0.114912","0.004765","4.167902","2.478990","13.299858","0.000000","0.002242","10.552096","3.433138","3.110977","9.758991","0.000000","0.017752","54.280202","128.000000","1.000000","1.000000","128","1","0","CachePreferNone","139648070849792","10","2","1","20","32.000000","3.000000","2.000000","16.000000","200","2056","1416","154.000000","20480.000000","98.304000","41.216000","41.216000","0.000000","0.000000","41.216000","7","2560.000000","0","0.12","0.000000","4.692677","5.579956","0.000000","12.954767","13.190318","3.931805","13.190318","4.147640","","","","","0","0","0","no data","0","0","0","0","","0","0","0","12","0","0","no data","0","0","0","23.115157","23.115157","23.115157","0.439188","23.115157","23.115157","23.115157","0.439188","19","0","32780.137500","5.164095","0.013454","0.071757","0.048212","0.000000","3.496673","0.001495","0.000000","5.165347","8.000000","12.500000","5.092899","1.751700","2.571303","2.571303","0.799047","0.002242","0.000000","15.356433","15.308221","15.356433","6.249409","3.999622","2.000000"
"34","23233","gemm_bench","127.0.0.1","volta_h884gemm_256x64_ldg8_nn","1","7","(128, 1, 1)","(10, 2, 1)","0","7.0","320","7","0","1","1","0","1","0","0","320","1380000","7","0","0","1","1","1","1","1","0","0","Tesla V100-PCIE-32GB","1","4096","8","0","1","4096","1","1","498471134","7606","8000","16","2","2","8000","16","161","306843870","1","0","0","0","1","320","0","1","6291456","64","32","1","1","0","1024","1024","64","32","1380000","2147483647","65535","65535","4","1","877000","0","2147483647","65536","65536","255","49152","98304","98304","1024","2048","64","16","2048","32768","32768","65536","32768","2048","32768","131072","16384","16384","16384","2046","32768","32768","2048","32768","268435456","32768","131072","32768","32768","65536","32768","2048","32768","65000","2097120","131072","32768","32768","131072","16384","32768","16384","8192","16384","8192","2046","32768","32768","877000","1","0","0","80","8","4","1","0","0","132","0","0","1","15","0","7","2","1","1","512","0","512","32","65536","34089730048","1","1","32","14.786062","827.816412","11.173584","1.161861","133864.000000","14.786062","14.786062","0.115040","0.004788","4.171491","2.481125","13.311460","0.000000","0.002244","10.561303","3.436094","3.113656","9.767394","0.000000","0.017768","54.194037","128.000000","1.000000","1.000000","128","1","0","CachePreferNone","139648070849792","10","2","1","20","32.000000","3.000000","2.000000","16.000000","200","2056","1416","154.000000","20480.000000","98.304000","41.216000","41.216000","0.000000","0.000000","41.216000","7","2560.000000","0","0.12","0.000000","4.698138","5.586420","0.000000","12.969775","13.205698","3.936360","13.205698","4.152359","","","","","0","0","0","no data","0","0","0","0","","0","0","0","12","0","0","no data","0","0","0","23.115157","23.115157","23.115157","0.439188","23.115157","23.115157","23.115157","0.439188","19","0","32832.625000","5.168542","0.013990","0.071819","0.048253","0.000000","3.499684","0.001496","0.000000","5.170321","8.000000","12.500000","5.097284","1.753339","2.573517","2.573517","0.799735","0.002244","0.000000","15.369656","15.321403","15.369656","6.249486","3.999671","2.000000"
"35","23233","gemm_bench","127.0.0.1","volta_h884gemm_256x64_ldg8_nn","1","7","(128, 1, 1)","(10, 2, 1)","0","7.0","320","7","0","1","1","0","1","0","0","320","1380000","7","0","0","1","1","1","1","1","0","0","Tesla V100-PCIE-32GB","1","4096","8","0","1","4096","1","1","498471134","7606","8000","16","2","2","8000","16","161","306843870","1","0","0","0","1","320","0","1","6291456","64","32","1","1","0","1024","1024","64","32","1380000","2147483647","65535","65535","4","1","877000","0","2147483647","65536","65536","255","49152","98304","98304","1024","2048","64","16","2048","32768","32768","65536","32768","2048","32768","131072","16384","16384","16384","2046","32768","32768","2048","32768","268435456","32768","131072","32768","32768","65536","32768","2048","32768","65000","2097120","131072","32768","32768","131072","16384","32768","16384","8192","16384","8192","2046","32768","32768","877000","1","0","0","80","8","4","1","0","0","132","0","0","1","15","0","7","2","1","1","512","0","512","32","65536","34089730048","1","1","32","14.786062","831.517184","11.182102","1.166184","133768.000000","14.786062","14.786062","0.114528","0.004660","4.174510","2.482920","13.320914","0.000000","0.002246","10.568562","3.438580","3.115909","9.774462","0.000000","0.017781","54.204994","128.000000","1.000000","1.000000","128","1","0","CachePreferNone","139648070849792","10","2","1","20","32.000000","3.000000","2.000000","16.000000","200","2056","1416","154.000000","20480.000000","98.304000","41.216000","41.216000","0.000000","0.000000","41.216000","7","2560.000000","0","0.12","0.000000","4.701695","5.590679","0.000000","12.979663","13.215667","3.939361","13.215667","4.154594","","","","","0","0","0","no data","0","0","0","0","","0","0","0","12","0","0","no data","0","0","0","23.115157","23.115157","23.115157","0.439188","23.115157","23.115157","23.115157","0.439188","19","0","32825.550000","5.172282","0.013476","0.071871","0.048288","0.000000","3.502216","0.001497","0.000000","5.173536","8.000000","12.500000","5.100972","1.754477","2.575379","2.575379","0.800314","0.002246","0.000000","15.380777","15.332489","15.380777","6.249480","3.999667","2.000000"
"36","23233","gemm_bench","127.0.0.1","volta_h884gemm_256x64_ldg8_nn","1","7","(128, 1, 1)","(10, 2, 1)","0","7.0","320","7","0","1","1","0","1","0","0","320","1380000","7","0","0","1","1","1","1","1","0","0","Tesla V100-PCIE-32GB","1","4096","8","0","1","4096","1","1","498471134","7606","8000","16","2","2","8000","16","161","306843870","1","0","0","0","1","320","0","1","6291456","64","32","1","1","0","1024","1024","64","32","1380000","2147483647","65535","65535","4","1","877000","0","2147483647","65536","65536","255","49152","98304","98304","1024","2048","64","16","2048","32768","32768","65536","32768","2048","32768","131072","16384","16384","16384","2046","32768","32768","2048","32768","268435456","32768","131072","32768","32768","65536","32768","2048","32768","65000","2097120","131072","32768","32768","131072","16384","32768","16384","8192","16384","8192","2046","32768","32768","877000","1","0","0","80","8","4","1","0","0","132","0","0","1","15","0","7","2","1","1","512","0","512","32","65536","34089730048","1","1","32","14.808454","830.724070","11.193213","1.165834","133701.000000","14.808454","14.808454","0.114464","0.004571","4.178194","2.485111","13.332801","0.000000","0.002248","10.577458","3.441615","3.118659","9.783088","0.000000","0.017796","54.330780","128.000000","1.000000","1.000000","128","1","0","CachePreferNone","139648070849792","10","2","1","20","32.000000","3.000000","2.000000","16.000000","200","2056","1416","154.000000","20480.000000","98.304000","41.216000","41.216000","0.000000","0.000000","41.216000","7","2560.000000","0","0.12","0.000000","4.706367","5.596234","0.000000","12.992560","13.228798","3.943276","13.228798","4.159753","","","","","0","0","0","no data","0","0","0","0","","0","0","0","12","0","0","no data","0","0","0","23.115157","23.115157","23.115157","0.439188","23.115157","23.115157","23.115157","0.439188","19","0","32749.875000","5.176846","0.013488","0.071934","0.048331","0.000000","3.505307","0.001499","0.000000","5.178319","8.000000","12.500000","5.105474","1.756025","2.577652","2.577652","0.801020","0.002248","0.000000","15.394351","15.346020","15.394351","6.249426","3.999633","2.000000"
